year,transect,site_code,plot,SDD,species,peak,duration,max
2013,Reflection Lakes,RL1_13,RL1,179,ERPE,216.014399587751,-0.0263372595333715,3.20791085146663
2013,Reflection Lakes,RL1_13,RL1,179,LIGR,228.177999137536,-0.0123962300286695,1.98675717685904
2013,Reflection Lakes,RL1_13,RL1,179,LUAR,209.814515043266,-1.75452712433177,135.626422310903
2013,Reflection Lakes,RL2_13,RL2,182,CAPA,222.894964971146,-0.00293112647196083,1.50314257996644
2013,Reflection Lakes,RL2_13,RL2,182,LUAR,216.188233927466,-0.0187037815141409,2.16024581732511
2013,Reflection Lakes,RL2_13,RL2,182,PEBR,212.848943852535,-0.0279277786488658,2.94250099019167
2013,Reflection Lakes,RL2_13,RL2,182,VASI,212.829182009151,-0.00846794727549698,2.83404728560989
2013,Reflection Lakes,RL3_13,RL3,180,ERPE,233.869113541823,-0.00332766761785317,-0.413675390275502
2013,Reflection Lakes,RL3_13,RL3,180,LIGR,218.565901984893,-0.00831184718651905,0.556832162705857
2013,Reflection Lakes,RL3_13,RL3,180,LUAR,208.998386808974,-0.0690963455165162,4.65150742579875
2013,Reflection Lakes,RL3_13,RL3,180,POBI,216.16189095453,-0.0189599412781129,3.26718148054075
2013,Reflection Lakes,RL3_13,RL3,180,VASI,209.07530445224,-0.022444634741318,2.85276615164676
2013,Reflection Lakes,RL4_13,RL4,191,CAPA,221.05186382873,-0.00569331038591784,1.72310617018308
2013,Reflection Lakes,RL4_13,RL4,191,ERMO,198.632045135034,-0.00708573315865881,-0.0724921924494548
2013,Reflection Lakes,RL4_13,RL4,191,LIGR,229.536879660609,-0.0289467089876994,2.02267671900334
2013,Reflection Lakes,RL4_13,RL4,191,PEBR,219.105601349286,-0.0329218440474226,2.18296611474054
2013,Reflection Lakes,RL4_13,RL4,191,POBI,228.356612335813,-0.012550304803901,3.07901877467227
2013,Reflection Lakes,RL4_13,RL4,191,VASI,218.910121758733,-0.0161591055664893,-0.785722759792751
2013,Reflection Lakes,RL5_13,RL5,195,CAPA,242.504154008681,-0.00247286797085038,0.728150265059867
2013,Reflection Lakes,RL5_13,RL5,195,ERMO,204.236189091095,-2.36618743951569,92.714702222606
2013,Reflection Lakes,RL5_13,RL5,195,ERPE,232.741115152647,-0.0173546083242946,1.04737644978074
2013,Reflection Lakes,RL5_13,RL5,195,LUAR,227.02328002107,-0.0193673163051759,2.97463083372133
2013,Reflection Lakes,RL5_13,RL5,195,MIAL,219.913027234871,-0.0232386239925987,0.0805869913619636
2013,Reflection Lakes,RL5_13,RL5,195,POBI,233.922661673563,-0.0193609388423648,3.49084992128226
2013,Reflection Lakes,RL5_13,RL5,195,VASI,221.898873184427,-0.0210132522680891,4.85645337876129
2013,Reflection Lakes,RL6_13,RL6,200,ANOC,203.974801374918,-0.0127891998104666,1.15764150952735
2013,Reflection Lakes,RL6_13,RL6,200,CAPA,218.948962507908,-0.00986991485432384,-0.223093889065355
2013,Reflection Lakes,RL6_13,RL6,200,ERPE,237.217642840214,-0.00860869014624912,0.274992638419178
2013,Reflection Lakes,RL6_13,RL6,200,LIGR,234.825258684647,-0.0172344478654103,1.98824663538852
2013,Reflection Lakes,RL6_13,RL6,200,LUAR,230.096526893112,-0.0212655251029659,4.0234182510886
2013,Reflection Lakes,RL6_13,RL6,200,MIAL,220.443545890053,-0.410127452255419,1.24829694387727
2013,Reflection Lakes,RL6_13,RL6,200,PEBR,221.334445515269,-0.0224020329273404,0.787520266184372
2013,Reflection Lakes,RL6_13,RL6,200,POBI,237.147929300275,-0.0111571328236273,2.94058021905282
2013,Reflection Lakes,RL6_13,RL6,200,VASI,228.531753621389,-0.00961530273566619,1.83505824564528
2013,Reflection Lakes,RL7_13,RL7,197,ANOC,209.787221966524,-0.0345253979468194,2.32441432982261
2013,Reflection Lakes,RL7_13,RL7,197,CAPA,223.702323411129,-0.0148021295982489,3.71720713524955
2013,Reflection Lakes,RL7_13,RL7,197,ERPE,235.213624674287,-0.0205431446666742,2.55791161455384
2013,Reflection Lakes,RL7_13,RL7,197,LIGR,234.640596978184,-0.0148719133460709,0.553855942502588
2013,Reflection Lakes,RL7_13,RL7,197,LUAR,226.220475947719,-1.78959204293019,152.838441345653
2013,Reflection Lakes,RL7_13,RL7,197,MIAL,220.678303370611,-0.0996831026374134,0.437556115974578
2013,Reflection Lakes,RL7_13,RL7,197,POBI,234.410856019545,-0.0124554365654219,2.69941892497549
2013,Reflection Lakes,RL8_13,RL8,198,ANOC,212.429979575884,-0.0559538273101026,3.81092760905728
2013,Reflection Lakes,RL8_13,RL8,198,CAPA,230.621679732271,-0.019013563278927,4.79252332296745
2013,Reflection Lakes,RL8_13,RL8,198,ERPE,237.328452058573,-0.0513286676682536,8.34022841879399
2013,Reflection Lakes,RL8_13,RL8,198,LIGR,238.853782312492,-0.0139310260658047,1.68218225897672
2013,Reflection Lakes,RL8_13,RL8,198,LUAR,233.60722301444,-0.0278225596138968,3.75078319153097
2013,Reflection Lakes,RL8_13,RL8,198,MIAL,226.016915508993,-0.088672389141713,0.811535235619432
2013,Reflection Lakes,RL8_13,RL8,198,POBI,236.673004433213,-0.039620240687545,8.47118697315178
2013,Reflection Lakes,RL8_13,RL8,198,VASI,236.110989482644,-0.0104768538254139,2.87595312613233
2013,Reflection Lakes,RL9_13,RL9,204,ANOC,205.817815807339,-0.0171341325275006,-0.0220347235748299
2013,Reflection Lakes,RL9_13,RL9,204,CAPA,226.865688574611,-0.0114255410850921,3.95673811566074
2013,Reflection Lakes,RL9_13,RL9,204,ERPE,241.659951453212,-0.00616458490442245,-0.0380460962248954
2013,Reflection Lakes,RL9_13,RL9,204,LUAR,222.576068758072,-0.113005912734902,10.0461821604573
2013,Reflection Lakes,RL9_13,RL9,204,MIAL,219.413275442789,-0.12503047045373,2.4976889663995
2014,Reflection Lakes,RL1_13,RL1,182,ERPE,215.23075023275,-0.0697139366677335,5.19548282865069
2014,Reflection Lakes,RL1_13,RL1,182,LUAR,211.060714021844,-0.020816562456628,1.67431140197827
2014,Reflection Lakes,RL2_13,RL2,185,CAPA,221.533485218539,-0.0157732008745294,2.53780017955725
2014,Reflection Lakes,RL2_13,RL2,185,LUAR,218.040814386181,-0.0562610471411857,2.94868122450503
2014,Reflection Lakes,RL2_13,RL2,185,PEBR,216.599522583111,-0.0147826319641735,1.10359237456
2014,Reflection Lakes,RL2_13,RL2,185,VASI,216.390338970273,-0.0171448374162256,3.26634881236384
2014,Reflection Lakes,RL3_13,RL3,183,LIGR,221.401137448062,-0.00489074137430969,-1.83663576550172
2014,Reflection Lakes,RL3_13,RL3,183,LUAR,214.431359961862,-0.00453997076043512,-0.525879943707073
2014,Reflection Lakes,RL3_13,RL3,183,POBI,217.064921506926,-0.0173266371510265,2.3977365533452
2014,Reflection Lakes,RL3_13,RL3,183,VASI,207.510478579157,-0.0347952842335073,5.75572394311988
2014,Reflection Lakes,RL4_14,RL4,199,ERPE,240.59893958558,-0.00955498715987502,0.371287314547595
2014,Reflection Lakes,RL4_14,RL4,199,LUAR,235.568136505119,-0.0207980573745614,4.25204832222083
2014,Reflection Lakes,RL4_14,RL4,199,PEBR,229.751877560184,-0.112246897707646,5.6877107486077
2014,Reflection Lakes,RL4_14,RL4,199,POBI,241.736730559193,-0.010241120849627,3.06738949115333
2014,Reflection Lakes,RL4_14,RL4,199,VASI,238.687879131219,-0.0394645721093248,13.8244062459026
2014,Reflection Lakes,RL5_13,RL5,197,ERMO,211.181807285587,-0.0134801582812343,0.048576356503475
2014,Reflection Lakes,RL5_13,RL5,197,ERPE,236.978477233845,-0.0547800889892833,13.2467546028128
2014,Reflection Lakes,RL5_13,RL5,197,LUAR,235.758662670265,-0.0166804574334456,4.96820557511472
2014,Reflection Lakes,RL5_13,RL5,197,MIAL,223.278590774687,-0.0980171365138365,2.55464806118816
2014,Reflection Lakes,RL5_13,RL5,197,POBI,237.808561182678,-0.012553884266242,3.32338624416286
2014,Reflection Lakes,RL5_13,RL5,197,VASI,233.114787409634,-0.0109989549905289,4.43005244373253
2014,Reflection Lakes,RL6_13,RL6,200,ANOC,214.348093117883,-0.00531882609442849,-0.318500137240495
2014,Reflection Lakes,RL6_13,RL6,200,CAPA,227.999220323144,-0.00571448478502207,-0.0725349312117771
2014,Reflection Lakes,RL6_13,RL6,200,ERPE,237.623447265212,-0.0174804857833177,4.30207358027795
2014,Reflection Lakes,RL6_13,RL6,200,LIGR,237.307672304832,-0.0307148636057432,2.72252113855227
2014,Reflection Lakes,RL6_13,RL6,200,LUAR,234.925851655586,-0.0280140290163075,5.27694886169599
2014,Reflection Lakes,RL6_13,RL6,200,MIAL,218.945077221454,-0.759962857136624,2.04028019625511
2014,Reflection Lakes,RL6_13,RL6,200,PEBR,223.913569403638,-0.0132092630303987,0.740159583028166
2014,Reflection Lakes,RL6_13,RL6,200,POBI,238.297936688932,-0.0166479098956277,3.46689876798001
2014,Reflection Lakes,RL6_13,RL6,200,VASI,233.577326813634,-0.00599240517370361,-0.337300970067105
2014,Reflection Lakes,RL7_13,RL7,204,ANOC,212.837056942986,-0.0614048229531966,0.65536333817533
2014,Reflection Lakes,RL7_13,RL7,204,CAPA,246.76220818391,-0.00580654509668097,0.372646027412584
2014,Reflection Lakes,RL7_13,RL7,204,ERPE,234.315284227723,-0.02603180586195,3.05727004044105
2014,Reflection Lakes,RL7_13,RL7,204,LIGR,237.27012684946,-0.0140524004796884,-0.441016975645535
2014,Reflection Lakes,RL7_13,RL7,204,LUAR,229.518056817982,-0.0397165466064975,4.30876087116244
2014,Reflection Lakes,RL7_13,RL7,204,MIAL,222.156462526172,-0.0507794929538431,0.262770817765948
2014,Reflection Lakes,RL7_13,RL7,204,POBI,236.652116264141,-0.0129777213423156,2.55066371978037
2014,Reflection Lakes,RL8_13,RL8,201,ANOC,212.42828220022,-0.0403200937512884,1.6297436468638
2014,Reflection Lakes,RL8_13,RL8,201,CAPA,232.185333106352,-0.0114456386616721,4.09886877473714
2014,Reflection Lakes,RL8_13,RL8,201,ERPE,241.46189668367,-0.0080986709324791,2.6048596261476
2014,Reflection Lakes,RL8_13,RL8,201,LIGR,243.140529040501,-0.0103508496428155,1.9864334887054
2014,Reflection Lakes,RL8_13,RL8,201,LUAR,235.448683229987,-0.0235081473037845,4.09923568616062
2014,Reflection Lakes,RL8_13,RL8,201,MIAL,224.204431728041,-0.0329850617558108,0.878368185151737
2014,Reflection Lakes,RL8_13,RL8,201,POBI,240.573621362323,-0.0177885937156148,5.89310078366859
2014,Reflection Lakes,RL8_13,RL8,201,VASI,230.549197567634,-0.00618489723743853,-0.353948712516933
2014,Reflection Lakes,RL9_13,RL9,203,ANOC,212.521512943485,-1.24188429175939,52.1233873759897
2014,Reflection Lakes,RL9_13,RL9,203,CAPA,238.255734506814,-0.00295887611663231,2.13011827909333
2014,Reflection Lakes,RL9_13,RL9,203,ERPE,242.500988020309,-0.0123435121694637,2.27895388203871
2014,Reflection Lakes,RL9_13,RL9,203,LUAR,234.589854084976,-0.0423851266497944,9.02070343204917
2014,Reflection Lakes,RL9_13,RL9,203,MIAL,225.203707822797,-0.0312193125726088,-0.00971107002406894
2015,Glacier Basin,GB1_15,GB1,116,LICA,200.402352604144,-0.00405296003358397,-1.13552728955827
2015,Glacier Basin,GB1_15,GB1,116,MEPA,176.938146340131,-0.00925993553223548,4.56240419412127
2015,Glacier Basin,GB10_15,GB10,125,ARLA,184.84669241196,-0.0180144483854425,4.17083367898814
2015,Glacier Basin,GB10_15,GB10,125,ERGR,155.856479201006,-8.57118101608892,287.143642174266
2015,Glacier Basin,GB10_15,GB10,125,LUAR,179.897383703906,-0.0127987583425813,2.27185601081872
2015,Glacier Basin,GB10_15,GB10,125,PEBR,179.129712658732,-0.00867234101990574,0.712097123643659
2015,Glacier Basin,GB10_15,GB10,125,VASI,186.156266066455,-0.00808926824306257,0.553247727555536
2015,Glacier Basin,GB11_15,GB11,131,ASLE,205.853591170685,-0.00907435126880492,3.85679374140056
2015,Glacier Basin,GB11_15,GB11,131,LUAR,186.683799175837,-0.00178927577540572,0.0641215314909125
2015,Glacier Basin,GB11_15,GB11,131,VASI,167.182068614802,-0.0716802559916337,3.29524145211004
2015,Glacier Basin,GB12_15,GB12,144,CAMI,198.411947496057,-0.00572242352294521,0.880542208079938
2015,Glacier Basin,GB12_15,GB12,144,LUAR,181.440053034081,-0.00833447038618085,0.919133816770036
2015,Glacier Basin,GB12_15,GB12,144,POBI,190.790284193917,-0.0155398955986822,1.93930704596925
2015,Glacier Basin,GB12_15,GB12,144,VASI,183.218961972926,-0.0090753629652633,0.310884920656342
2015,Glacier Basin,GB13_15,GB13,123,ASLE,207.917723557763,-0.00562130453139483,3.21225374614202
2015,Glacier Basin,GB13_15,GB13,123,LUAR,180.572014658521,-0.0113469259897717,2.1301331841639
2015,Glacier Basin,GB13_15,GB13,123,PEBR,174.001103990528,-0.0307534886205857,2.76697074052485
2015,Glacier Basin,GB13_15,GB13,123,VASI,179.9998708945,-0.00725309271177318,3.71450399873328
2015,Glacier Basin,GB14_15,GB14,136,ASLE,199.80396157523,-0.00656066860351431,2.90753767770721
2015,Glacier Basin,GB14_15,GB14,136,CAMI,199.14503886585,-0.00991197617780508,5.46497868042837
2015,Glacier Basin,GB14_15,GB14,136,LUAR,175.536865399379,-3.95077479193028,677.657134850866
2015,Glacier Basin,GB14_15,GB14,136,MEPA,178.784148702638,-0.0127429166560755,2.61964034447005
2015,Glacier Basin,GB14_15,GB14,136,VASI,172.256102179543,-0.0280801643779592,5.34149975131759
2015,Glacier Basin,GB15_15,GB15,135,ASLE,178.313292219847,-0.00328106135972543,-0.101971997418545
2015,Glacier Basin,GB15_15,GB15,135,POBI,184.288747198161,-0.00810750974179669,-0.282985687889535
2015,Glacier Basin,GB15_15,GB15,135,VASI,179.355560940649,-0.0061195998602628,0.839940482004484
2015,Glacier Basin,GB2_15,GB2,104,CAMI,183.925153933308,-0.00236946824562978,2.03967605575524
2015,Glacier Basin,GB2_15,GB2,104,MEPA,147.955323266438,-0.00183565902618761,2.62371412585071
2015,Glacier Basin,GB3_15,GB3,105,LICA,187.897352589856,-0.0103248673227182,2.09767673629847
2015,Glacier Basin,GB3_15,GB3,105,MEPA,184.631568745231,-0.00427173096893433,4.75123624510215
2015,Glacier Basin,GB4_15,GB4,112,LUAR,177.093363895229,-0.00966923144071995,2.38942306397725
2015,Glacier Basin,GB4_15,GB4,112,VASI,168.923268169794,-0.0318035831558387,4.16706664139644
2015,Glacier Basin,GB5_15,GB5,116,ARLA,181.409223044788,-0.00586553374453529,2.76836478057673
2015,Glacier Basin,GB5_15,GB5,116,LICA,208.370193685536,-0.00475844720002511,0.706984980329509
2015,Glacier Basin,GB5_15,GB5,116,LUAR,176.93212465699,-0.00555068942899575,0.610016796225446
2015,Glacier Basin,GB6_15,GB6,115,LICA,196.31858778414,-0.0117249292490469,1.17154076155767
2015,Glacier Basin,GB6_15,GB6,115,LUAR,170.057071817663,-0.0122596231360205,2.81709160080382
2015,Glacier Basin,GB7_15,GB7,124,CAMI,188.803045980884,-0.0242785477835972,1.70699689086501
2015,Glacier Basin,GB7_15,GB7,124,LICA,218.931172772667,-0.00388472599689532,0.814487280630149
2015,Glacier Basin,GB8_15,GB8,134,ASLE,193.511514653585,-0.0128599863024179,2.54415987902809
2015,Glacier Basin,GB8_15,GB8,134,LUAR,182.147045809878,-0.0121937312007325,1.09270052447836
2015,Glacier Basin,GB8_15,GB8,134,VASI,175.044973208255,-0.0190428145258947,4.18608996579589
2015,Glacier Basin,GB9_15,GB9,142,ARLA,190.66855678733,-1.99550679568216,417.112923999727
2015,Glacier Basin,GB9_15,GB9,142,LUAR,187.797448493284,-0.0211097803430531,1.55120938390563
2015,Reflection Lakes,RL1_13,RL1,128,ERPE,172.751778552337,-0.0350497211508035,5.09296282493386
2015,Reflection Lakes,RL1_13,RL1,128,LUAR,168.413596285897,-0.98654940690674,73.4285461549549
2015,Reflection Lakes,RL2_13,RL2,140,CAPA,177.686883800644,-0.0311671822458601,3.19685582327859
2015,Reflection Lakes,RL2_13,RL2,140,LUAR,177.622179639373,-0.053656421086036,2.96056819116207
2015,Reflection Lakes,RL2_13,RL2,140,PEBR,180.327127137238,-0.0363153573092652,1.41388836248948
2015,Reflection Lakes,RL2_13,RL2,140,VASI,179.24246803531,-0.0150000571423795,-0.101111920760811
2015,Reflection Lakes,RL3_13,RL3,139,LUAR,175.323200021984,-0.0970642192738658,3.93488025301165
2015,Reflection Lakes,RL3_13,RL3,139,POBI,182.117070738661,-0.0324384763187731,0.368994319751314
2015,Reflection Lakes,RL3_13,RL3,139,VASI,174.210352198104,-0.033967039339959,3.52650541138993
2015,Reflection Lakes,RL4_14,RL4,144,LUAR,181.624829034979,-0.0329506426308508,2.86419571326858
2015,Reflection Lakes,RL4_14,RL4,144,PEBR,182.561652583518,-0.115620305377674,4.27059731074718
2015,Reflection Lakes,RL4_14,RL4,144,POBI,188.365904398726,-0.0589888820551186,8.31966256416384
2015,Reflection Lakes,RL4_14,RL4,144,VASI,184.181191537742,-0.0358040568608096,4.99552343408093
2015,Reflection Lakes,RL5_13,RL5,140,CAPA,198.042404246259,-0.135083366661232,0.431410012347831
2015,Reflection Lakes,RL5_13,RL5,140,ERMO,165.040468014544,-6.67836067522586,127.128971309676
2015,Reflection Lakes,RL5_13,RL5,140,ERPE,181.138904482334,-0.0322332653068499,2.30430526930006
2015,Reflection Lakes,RL5_13,RL5,140,LIGR,184.33329027389,-0.0228730648223592,0.864126068473731
2015,Reflection Lakes,RL5_13,RL5,140,LUAR,179.184151039255,-0.0188784411476252,4.02634408059514
2015,Reflection Lakes,RL5_13,RL5,140,MIAL,172.99168050519,-0.128932895786368,1.41574154452532
2015,Reflection Lakes,RL5_13,RL5,140,POBI,183.954007515724,-0.065609140562053,3.84762654793529
2015,Reflection Lakes,RL5_13,RL5,140,VASI,181.716758051406,-0.0350077133551227,3.35125993055092
2015,Reflection Lakes,RL6_13,RL6,150,ANOC,159.909019787123,-0.00685953926757352,0.792093783365592
2015,Reflection Lakes,RL6_13,RL6,150,CAPA,175.143186258419,-0.0122891363087296,-0.480189067865194
2015,Reflection Lakes,RL6_13,RL6,150,ERPE,188.237459300225,-1.69281973335338,129.979086534904
2015,Reflection Lakes,RL6_13,RL6,150,LIGR,194.887715542963,-0.0113776849034041,0.985298885826926
2015,Reflection Lakes,RL6_13,RL6,150,LUAR,187.075275929586,-0.0219499876611694,4.01645728181146
2015,Reflection Lakes,RL6_13,RL6,150,PEBR,182.18088767269,-0.076111669987986,0.633684857468676
2015,Reflection Lakes,RL6_13,RL6,150,POBI,190.181096741238,-0.0223711370687993,2.94319186999046
2015,Reflection Lakes,RL6_13,RL6,150,VASI,183.205608022463,-0.0151201732504233,-0.937182283807056
2015,Reflection Lakes,RL7_13,RL7,149,CAPA,176.913538334183,-0.0181503512875031,1.36648193177094
2015,Reflection Lakes,RL7_13,RL7,149,ERPE,186.394244070661,-0.0220159777453025,2.78190370995944
2015,Reflection Lakes,RL7_13,RL7,149,LIGR,192.914244193893,-0.0206469856435577,0.0302426736166408
2015,Reflection Lakes,RL7_13,RL7,149,LUAR,175.876428068147,-0.0419892515521328,3.32241425890883
2015,Reflection Lakes,RL7_13,RL7,149,POBI,183.366944713764,-0.0672174889402221,4.27723482683896
2015,Reflection Lakes,RL8_13,RL8,149,CAPA,178.777481856733,-0.0183468395571658,3.00095245793014
2015,Reflection Lakes,RL8_13,RL8,149,ERPE,186.076825745308,-0.0586077684333319,6.70333934612867
2015,Reflection Lakes,RL8_13,RL8,149,LIGR,187.673713686278,-0.0224099830180091,-0.875118889078599
2015,Reflection Lakes,RL8_13,RL8,149,LUAR,180.968396570265,-0.0966587677627319,3.08229600875076
2015,Reflection Lakes,RL8_13,RL8,149,POBI,186.749421221201,-0.041897621576167,5.28461011431328
2015,Reflection Lakes,RL9_13,RL9,159,ANOC,170.428628258411,-0.00459597482334087,-0.836244397286378
2015,Reflection Lakes,RL9_13,RL9,159,CAPA,189.345519664671,-0.00807013395580467,2.82109224980722
2015,Reflection Lakes,RL9_13,RL9,159,ERPE,190.186365034012,-0.0407049006492496,0.0411213688799059
2015,Reflection Lakes,RL9_13,RL9,159,LUAR,185.390843139369,-4.947357220237,245.001682636153
2016,Glacier Basin,GB1_15,GB1,133,MEPA,194.232534254717,-0.0169567222208286,4.5162798152503
2016,Glacier Basin,GB10_15,GB10,154,ARLA,225.45801375623,-0.00840302476902121,4.61302977142401
2016,Glacier Basin,GB10_15,GB10,154,LUAR,224.762051955399,-0.0122564743311376,2.88374084560714
2016,Glacier Basin,GB10_15,GB10,154,VASI,222.978493870547,-0.0056855331836766,-0.761766014943007
2016,Glacier Basin,GB11_15,GB11,154,ASLE,234.91206346163,-0.0150322760651276,4.17104256831288
2016,Glacier Basin,GB11_15,GB11,154,CAMI,220.868458277496,-0.00289336296258686,-0.15998286973106
2016,Glacier Basin,GB11_15,GB11,154,LUAR,214.986192841987,-0.0388651716404216,5.57720689140278
2016,Glacier Basin,GB11_15,GB11,154,MEPA,201.0704214016,-0.0297993990171755,7.36249133150644
2016,Glacier Basin,GB12_15,GB12,172,ASLE,245.195197020433,-0.232937957161133,77.117878873473
2016,Glacier Basin,GB12_15,GB12,172,CAMI,237.506853785947,-0.00305376697393784,1.06137508142872
2016,Glacier Basin,GB12_15,GB12,172,LUAR,217.154078830143,-0.0209448159851771,4.00026596004939
2016,Glacier Basin,GB12_15,GB12,172,PEBR,209.130370304437,-0.0140825251949759,-0.854511525917112
2016,Glacier Basin,GB12_15,GB12,172,POBI,217.391943493259,-0.0291708126219266,5.99347379158909
2016,Glacier Basin,GB12_15,GB12,172,VASI,217.06994846723,-0.00578512800335249,-1.00014494008388
2016,Glacier Basin,GB13_15,GB13,140,ASLE,232.735882125016,-0.0164667875304387,3.90093669063595
2016,Glacier Basin,GB13_15,GB13,140,LUAR,218.348180026308,-0.00910930488761815,-0.606960935318914
2016,Glacier Basin,GB14_15,GB14,161,ASLE,231.064246008988,-0.0112499192628328,4.31146620135269
2016,Glacier Basin,GB14_15,GB14,161,CAMI,234.066036689707,-0.00364501444594649,1.13457571398567
2016,Glacier Basin,GB14_15,GB14,161,LUAR,215.808648064993,-0.0160271100972162,3.0633222599259
2016,Glacier Basin,GB14_15,GB14,161,MEPA,214.30433568134,-0.0166185276252149,4.18288733053845
2016,Glacier Basin,GB15_15,GB15,172,ASLE,217.493670992794,-0.0260249864985217,1.40643347253899
2016,Glacier Basin,GB15_15,GB15,172,LUAR,217.681510246055,-0.0173554927105574,4.40759637830281
2016,Glacier Basin,GB15_15,GB15,172,VASI,210.238452543535,-0.0178984948368935,3.77895096778
2016,Glacier Basin,GB2_15,GB2,121,CAMI,203.641766181558,-0.0254515824985617,26.0150374807249
2016,Glacier Basin,GB2_15,GB2,121,MEPA,178.935177202659,-0.248446493818776,256.133785714293
2016,Glacier Basin,GB3_15,GB3,123,LICA,214.822583726092,-0.00701974254747293,1.88189439185113
2016,Glacier Basin,GB3_15,GB3,123,MEPA,220.795076818985,-0.00317820243085292,3.85758297763513
2016,Glacier Basin,GB4_15,GB4,145,LUAR,214.512903563883,-3.10396691682256,1262.90901946632
2016,Glacier Basin,GB5_15,GB5,128,ARLA,213.364674742539,-0.00211987460212335,1.43661609416742
2016,Glacier Basin,GB5_15,GB5,128,LUAR,206.021653826915,-0.034851274312225,2.35481806982489
2016,Glacier Basin,GB6_15,GB6,107,CAMI,209.15382561057,-0.00576948581792879,-0.306067950420598
2016,Glacier Basin,GB6_15,GB6,107,LUAR,187.508380204355,-0.00508407230293088,2.3929898137476
2016,Glacier Basin,GB7_15,GB7,156,ARLA,228.01432025501,-0.00638235568343803,0.136092887411494
2016,Glacier Basin,GB7_15,GB7,156,CAMI,219.731301018982,-0.0330632919176397,1.27312962711567
2016,Glacier Basin,GB7_15,GB7,156,LICA,249.509690702897,-0.00742463131931403,0.0476692780122628
2016,Glacier Basin,GB7_15,GB7,156,MEPA,217.441762042174,-0.00156752917222702,-1.19629139694609
2016,Glacier Basin,GB8_15,GB8,155,LUAR,215.053487990786,-0.0319374539615837,6.53608201917948
2016,Glacier Basin,GB8_15,GB8,155,VASI,199.371745200616,-0.0105746300111386,0.640669411844164
2016,Glacier Basin,GB9_15,GB9,178,ARLA,226.061041002517,-0.0139276445869658,6.358541594855
2016,Glacier Basin,GB9_15,GB9,178,LUAR,227.11364797043,-0.551357503061568,142.46613377473
2016,Glacier Basin,GB9_15,GB9,178,VASI,215.414564454233,-0.00761896749071455,0.183201623280749
2016,Reflection Lakes,RL1_13,RL1,167,ERPE,211.693013023943,-0.0166233037094601,1.08826092057426
2016,Reflection Lakes,RL1_13,RL1,167,LIGR,224.078061942322,-0.018397546677597,2.99791255434743
2016,Reflection Lakes,RL1_13,RL1,167,LUAR,209.721495075539,-0.0658834967751708,5.93693397795792
2016,Reflection Lakes,RL2_13,RL2,167,CAPA,214.752824429954,-0.00582862772507991,-0.851132687187485
2016,Reflection Lakes,RL2_13,RL2,167,LUAR,214.933391076096,-0.0933024665957184,4.1526209117095
2016,Reflection Lakes,RL2_13,RL2,167,PEBR,212.009644181757,-0.197103766077381,2.92174224431699
2016,Reflection Lakes,RL4_13,RL3b,184,ERMO,190.511933010051,-0.117989465886897,7.79385324683215
2016,Reflection Lakes,RL4_13,RL3b,184,PEBR,215.153891057992,-0.047732524769073,4.2235254617371
2016,Reflection Lakes,RL4_13,RL3b,184,POBI,218.938724036954,-0.0209697193860681,2.77520354268907
2016,Reflection Lakes,RL4_13,RL3b,184,VASI,213.758559018588,-0.00860449936743852,0.44004455842212
2016,Reflection Lakes,RL4_14,RL4,179,ERPE,231.409750651201,-3.54673842684764,354.668783246041
2016,Reflection Lakes,RL4_14,RL4,179,LUAR,224.567785366975,-0.634826662426364,58.1139555660996
2016,Reflection Lakes,RL4_14,RL4,179,PEBR,217.776062224933,-0.0561843889474132,0.754568754646378
2016,Reflection Lakes,RL4_14,RL4,179,POBI,228.281174347066,-0.0179730121844,2.04483146116423
2016,Reflection Lakes,RL5_13,RL5a,192,CAPA,216.929862484141,-0.0122215799815802,2.54938889253579
2016,Reflection Lakes,RL5_13,RL5a,192,ERMO,198.233883143409,-0.137402633848668,3.9485433834938
2016,Reflection Lakes,RL5_13,RL5a,192,ERPE,220.71612624124,-0.0884383452600992,0.66264754202362
2016,Reflection Lakes,RL5_13,RL5a,192,LUAR,217.80782474599,-0.0456390183075295,2.03970684820211
2016,Reflection Lakes,RL5_13,RL5a,192,MIAL,214.351235639626,-0.0796644134998799,2.00159936759877
2016,Reflection Lakes,RL5_13,RL5a,192,POBI,225.985323519962,-0.0458501759497728,7.84713637357469
2016,Reflection Lakes,RL5_13,RL5a,192,VASI,218.525571856612,-0.0231851057638542,4.43354876639253
2016,Reflection Lakes,RL5b_16,RL5b,179,CAPA,219.84862849651,-0.020970619411628,3.08831682700916
2016,Reflection Lakes,RL5b_16,RL5b,179,ERMO,205.557877199626,-0.0165914185662642,1.34560519596592
2016,Reflection Lakes,RL5b_16,RL5b,179,LIGR,233.076212067369,-0.0129282568073934,1.96033621353226
2016,Reflection Lakes,RL5b_16,RL5b,179,LUAR,222.883495398012,-0.04112114533299,3.70499813127853
2016,Reflection Lakes,RL5b_16,RL5b,179,PEBR,217.097356140962,-0.0715397961367587,1.19878509860621
2016,Reflection Lakes,RL5b_16,RL5b,179,POBI,235.569995540266,-2.3864249461194,624.137351232933
2016,Reflection Lakes,RL5b_16,RL5b,179,VASI,216.107867188021,-0.092923040580921,1.27305363840423
2016,Reflection Lakes,RL6_13,RL6,191,ANOC,199.345308897626,-0.0104569347472142,0.241364293149281
2016,Reflection Lakes,RL6_13,RL6,191,LUAR,225.260508899525,-0.00807045116552815,0.115415505409808
2016,Reflection Lakes,RL6_13,RL6,191,MIAL,215.305336184152,-0.0632117143744055,0.499158880601241
2016,Reflection Lakes,RL6_13,RL6,191,PEBR,221.820291352371,-0.162417392450194,1.22028908125781
2016,Reflection Lakes,RL7_13,RL7,182,ANOC,189.781611994537,-0.00808248340948555,0.863138875532564
2016,Reflection Lakes,RL7_13,RL7,182,CAPA,215.874898620657,-0.00752611758795127,0.0185076470925865
2016,Reflection Lakes,RL7_13,RL7,182,LIGR,217.912271348084,-0.0483850362452878,0.530594027463744
2016,Reflection Lakes,RL7_13,RL7,182,POBI,218.013499147028,-0.103492877991391,2.93242401643522
2016,Reflection Lakes,RL8_13,RL8,176,ANOC,203.414583893563,-0.00413568565741652,-0.310326291181325
2016,Reflection Lakes,RL8_13,RL8,176,CAPA,224.205281818691,-0.0443818349941281,9.99714347393071
2016,Reflection Lakes,RL8_13,RL8,176,POBI,234.850186715209,-0.0269427955647477,10.1343095236498
2016,Reflection Lakes,RL9_13,RL9,190,CAPA,232.011962781603,-0.00672305478115559,3.80279976720543
2016,Reflection Lakes,RL9_13,RL9,190,LUAR,224.936033799993,-0.0674885350825962,3.7640313471576
2017,Glacier Basin,GB1_17,GB1,152,MEPA,200.734296041411,-0.0102363738774563,5.71877632218968
2017,Glacier Basin,GB10_15,GB10,177,ARLA,220.353919673695,-0.0246693214626531,6.78315098603499
2017,Glacier Basin,GB10_15,GB10,177,ERGR,186.622967897178,-0.0666065766362423,2.12609427522595
2017,Glacier Basin,GB10_15,GB10,177,LUAR,216.279452598939,-0.0450141618449834,3.43067823132689
2017,Glacier Basin,GB10_15,GB10,177,PEBR,215.18555656284,-0.256546004359836,5.05690690065437
2017,Glacier Basin,GB10_15,GB10,177,VASI,217.521626477247,-0.00478461154114578,-1.60271405491515
2017,Glacier Basin,GB11_15,GB11,175,ARLA,215.89391123177,-0.0287137471488282,4.20471252299121
2017,Glacier Basin,GB11_15,GB11,175,ASLE,229.062771759543,-0.00957910818317268,2.03558917780511
2017,Glacier Basin,GB11_15,GB11,175,CAMI,224.677694009899,-0.0412809955099167,5.45375409382512
2017,Glacier Basin,GB11_15,GB11,175,ERGR,179.568332617086,-0.0301333717928887,2.24021138165539
2017,Glacier Basin,GB11_15,GB11,175,LUAR,213.585299193806,-0.0495177133213532,7.66982986034366
2017,Glacier Basin,GB11_15,GB11,175,MEPA,208.024484709552,-0.0440044781359821,8.00573162137636
2017,Glacier Basin,GB11_15,GB11,175,VASI,211.311705145148,-0.0165145307247699,2.46018831691634
2017,Glacier Basin,GB12_15,GB12,179,ASLE,238.157710503449,-0.456673177083333,205.767564670138
2017,Glacier Basin,GB12_15,GB12,179,CAMI,219.493512588183,-0.0100157329986106,0.807844874971374
2017,Glacier Basin,GB12_15,GB12,179,LUAR,211.801352891559,-0.0726217333790405,7.05629867958773
2017,Glacier Basin,GB12_15,GB12,179,PEBR,212.181171180798,-3.24764165589383,89.0770409567958
2017,Glacier Basin,GB12_15,GB12,179,POBI,217.280895213327,-0.0202366339031483,3.22675404092578
2017,Glacier Basin,GB12_15,GB12,179,VASI,209.287752740745,-0.00275801963831053,-1.75599171680048
2017,Glacier Basin,GB13_15,GB13,169,ASLE,224.627441806716,-0.0244616953721305,4.80743630007545
2017,Glacier Basin,GB13_15,GB13,169,LUAR,219.432606052455,-0.0202761892424707,1.56429996437521
2017,Glacier Basin,GB13_15,GB13,169,VASI,202.485179508452,-0.0162287679497622,2.07454973059742
2017,Glacier Basin,GB14_15,GB14,174,ASLE,224.896991246374,-0.0186945097394826,4.63924113102499
2017,Glacier Basin,GB14_15,GB14,174,CAMI,220.498159685415,-0.0369620476169559,10.8598370286016
2017,Glacier Basin,GB14_15,GB14,174,ERGR,178.530497514459,-0.0270274325959176,1.40256923868836
2017,Glacier Basin,GB14_15,GB14,174,LUAR,211.506810403487,-0.0160402506726698,3.61072708477937
2017,Glacier Basin,GB14_15,GB14,174,MEPA,206.19452379388,-0.0251127103953151,3.30316404179777
2017,Glacier Basin,GB14_15,GB14,174,VASI,200.73750578891,-0.016822018098872,3.23967772306948
2017,Glacier Basin,GB15_17,GB15,186,ERGR,184.936613580705,-0.0755533913198468,2.35990709149715
2017,Glacier Basin,GB15_17,GB15,186,LUAR,212.468536038631,-8.68527315083199,667.422063764414
2017,Glacier Basin,GB15_17,GB15,186,PEBR,212.380769579243,-0.0451603183043213,3.25812908874051
2017,Glacier Basin,GB15_17,GB15,186,POBI,217.585272709449,-0.0438346934682847,2.57163342757721
2017,Glacier Basin,GB15_17,GB15,186,VASI,206.914845769607,-0.0163369011133876,2.10810784489972
2017,Glacier Basin,GB16_17,GB16,177,ARLA,216.838815258897,-0.0312036840530537,-0.303837346648077
2017,Glacier Basin,GB16_17,GB16,177,ASLE,229.972194937795,-0.00797940451590783,2.67837977573757
2017,Glacier Basin,GB16_17,GB16,177,POBI,213.929183231426,-0.0591892719307904,7.55154513806335
2017,Glacier Basin,GB16_17,GB16,177,VASI,208.155272321717,-0.00956355552385036,3.07676653318079
2017,Glacier Basin,GB15_15,GB17,182,ASLE,234.431044586944,-0.0064370111969317,2.9550114186011
2017,Glacier Basin,GB15_15,GB17,182,ERGR,189.133420903223,-0.032771639658772,1.97595749493863
2017,Glacier Basin,GB15_15,GB17,182,LUAR,219.511199865102,-0.0337145605446278,2.98836836677109
2017,Glacier Basin,GB15_15,GB17,182,POBI,224.741431881301,-0.059366819139936,6.40157428623219
2017,Glacier Basin,GB15_15,GB17,182,VASI,218.364917335282,-0.00319881407913698,-1.37734870053101
2017,Glacier Basin,GB2_15,GB2,147,CAMI,203.102812151282,-0.0145687190212787,5.90067821034955
2017,Glacier Basin,GB2_15,GB2,147,MEPA,187.807564385282,-0.00454779516975134,2.27635996331612
2017,Glacier Basin,GB3_15,GB3,148,ANAR,214.218440949839,-0.0148551965012553,2.32004753268436
2017,Glacier Basin,GB3_15,GB3,148,MEPA,203.621317223122,-0.00887879557756127,6.25820524372707
2017,Glacier Basin,GB5_15,GB4,149,ANAR,238.013785632399,-0.0164255247844209,1.54358797956141
2017,Glacier Basin,GB5_15,GB4,149,ARLA,205.547531413507,-0.0218218595601829,5.19633134436609
2017,Glacier Basin,GB5_15,GB4,149,LUAR,206.216139744856,-0.0302749174439051,4.05496727958556
2017,Glacier Basin,GB6_15,GB5,148,ANAR,227.743334015136,-0.0524204003316621,2.3330361230317
2017,Glacier Basin,GB6_15,GB5,148,ASLE,228.113692817859,-0.0451070016340917,2.64862920324224
2017,Glacier Basin,GB6_15,GB5,148,LUAR,200.728841737826,-0.0207911031602047,4.05535970734736
2017,Glacier Basin,GB6_17,GB6,149,ANAR,230.816485469493,-0.00248647573767808,-0.245011310350175
2017,Glacier Basin,GB6_17,GB6,149,LUAR,203.437654049365,-0.0717345324090413,7.37521577552017
2017,Glacier Basin,GB6_17,GB6,149,VASI,199.476314466371,-0.0147539681553174,4.04449249529084
2017,Glacier Basin,GB7_15,GB7,174,ANAR,243.983031502042,-0.0234545347910909,4.79197309237575
2017,Glacier Basin,GB7_15,GB7,174,LUAR,207.565527475775,-0.0283708763899833,3.24751738908878
2017,Glacier Basin,GB7_15,GB7,174,MEPA,202.078910920953,-0.00702577771192313,-0.0283737222408586
2017,Glacier Basin,GB8_15,GB8,174,ASLE,227.04166384629,-0.0237507234988351,1.40854975128744
2017,Glacier Basin,GB8_15,GB8,174,LUAR,208.779094073963,-0.0380898800999238,3.41054571629538
2017,Glacier Basin,GB8_15,GB8,174,VASI,203.426932592789,-0.0189850079589123,3.61065387481279
2017,Glacier Basin,GB9_15,GB9,177,ARLA,218.907955967312,-0.0202230458401853,3.96898692010268
2017,Glacier Basin,GB9_15,GB9,177,LUAR,220.497342409465,-0.650886959744731,102.350312865525
2017,Glacier Basin,GB9_15,GB9,177,VASI,211.52676413703,-0.0130421340530815,1.50320282857644
2017,Reflection Lakes,RL1_17,RL1,191,ERPE,225.352155024005,-0.0225868620782737,2.2886913926766
2017,Reflection Lakes,RL1_17,RL1,191,LIGR,231.280958593253,-0.0267547749194855,4.28426122488954
2017,Reflection Lakes,RL1_17,RL1,191,VASI,220.945143098115,-0.021054888598898,1.48136066793404
2017,Reflection Lakes,RL8_13,RL10,197,ANOC,205.280349019767,-0.0085192124723889,1.12883353227519
2017,Reflection Lakes,RL8_13,RL10,197,CAPA,222.174797133214,-0.0341661962443139,5.1476365984612
2017,Reflection Lakes,RL8_13,RL10,197,ERPE,227.141829955442,-0.0971096900658685,10.9392297677312
2017,Reflection Lakes,RL8_13,RL10,197,LIGR,231.175445131556,-0.0471378744512144,2.19427984825152
2017,Reflection Lakes,RL8_13,RL10,197,LUAR,220.448267299666,-0.109789220014875,3.62832073603115
2017,Reflection Lakes,RL8_13,RL10,197,POBI,228.01460834595,-0.0239818691423855,3.95792740517512
2017,Reflection Lakes,RL8_13,RL10,197,VASI,218.671423546097,-0.0150146134725155,1.49603977347479
2017,Reflection Lakes,RL9_13,RL11,195,ANOC,204.502387722807,-0.131508419530171,-0.0681680105297893
2017,Reflection Lakes,RL9_13,RL11,195,CAPA,225.74604799327,-0.0166683747307276,4.40021402312292
2017,Reflection Lakes,RL9_13,RL11,195,ERPE,229.370665556567,-0.0186419376572539,4.63822931460005
2017,Reflection Lakes,RL9_13,RL11,195,LUAR,224.287992117996,-0.931632743159499,150.546414446925
2017,Reflection Lakes,RL9_13,RL11,195,MIAL,215.904123108701,-0.0174664195503325,0.352682787714271
2017,Reflection Lakes,RL2_13,RL2,173,CAPA,216.810767550249,-0.0235277567213109,4.37189942391497
2017,Reflection Lakes,RL2_13,RL2,173,LUAR,216.077459462111,-0.020116838289114,2.77101561071904
2017,Reflection Lakes,RL2_13,RL2,173,PEBR,212.888283252675,-0.1399274207641,2.17325730759315
2017,Reflection Lakes,RL2_13,RL2,173,VASI,214.047282559851,-0.00779611644247664,-0.230999477602138
2017,Reflection Lakes,RL3_17,RL3,188,LIGR,222.539117026385,-0.0407380616495303,1.05438396040077
2017,Reflection Lakes,RL3_17,RL3,188,LUAR,217.571211538268,-0.171705443529656,3.7901204517145
2017,Reflection Lakes,RL3_17,RL3,188,PEBR,214.881649105767,-0.13747707257743,3.16943554643828
2017,Reflection Lakes,RL3_17,RL3,188,POBI,222.015384217091,-0.0308987715301884,2.09591082046873
2017,Reflection Lakes,RL3_17,RL3,188,VASI,212.375560268867,-0.00852821576291223,1.28489933586686
2017,Reflection Lakes,RL4_13,RL4,188,CAPA,219.331267543335,-0.0126056895668707,2.92146279536514
2017,Reflection Lakes,RL4_13,RL4,188,ERMO,201.830367205466,-0.0128562337382219,1.79739317905003
2017,Reflection Lakes,RL4_13,RL4,188,ERPE,222.624380484854,-0.0764849037538848,4.00696271189712
2017,Reflection Lakes,RL4_13,RL4,188,LIGR,218.629430490339,-0.0589009382062365,1.0820245311325
2017,Reflection Lakes,RL4_13,RL4,188,PEBR,215.645008091967,-0.0322734479125869,1.55108175495399
2017,Reflection Lakes,RL4_13,RL4,188,POBI,224.192786814702,-0.0294463748627221,4.05160937506741
2017,Reflection Lakes,RL4_13,RL4,188,VASI,215.693717650973,-0.0336246745593309,3.9973955323793
2017,Reflection Lakes,RL4_14,RL5,199,CAPA,226.302010035315,-0.0276898473036693,5.10274913628298
2017,Reflection Lakes,RL4_14,RL5,199,ERMO,210.942489170518,-0.0328008610114751,-0.478275051457487
2017,Reflection Lakes,RL4_14,RL5,199,LUAR,225.000102273443,-0.0850301130248042,6.14580673004406
2017,Reflection Lakes,RL4_14,RL5,199,PEBR,224.065783033514,-0.0363441202442124,1.6612325371876
2017,Reflection Lakes,RL4_14,RL5,199,POBI,233.928703690345,-0.0407503377875138,7.39886553674642
2017,Reflection Lakes,RL4_14,RL5,199,VASI,227.097704538563,-0.0390495682296547,6.92104686171076
2017,Reflection Lakes,RL5_13,RL6,194,CAPA,228.132466866181,-0.0364195299615801,2.80559632185867
2017,Reflection Lakes,RL5_13,RL6,194,ERMO,205.809742571581,-0.0211687857828781,1.12475173881751
2017,Reflection Lakes,RL5_13,RL6,194,LIGR,230.186862127609,-0.0494434317238651,4.81374030406554
2017,Reflection Lakes,RL5_13,RL6,194,LUAR,223.614836946619,-0.0474283030417678,4.41774930347658
2017,Reflection Lakes,RL5_13,RL6,194,MIAL,216.421119971188,-0.071120291970205,-0.176268550387953
2017,Reflection Lakes,RL5_13,RL6,194,POBI,230.653425896197,-0.0200656615140176,3.32723449185101
2017,Reflection Lakes,RL5_13,RL6,194,VASI,220.009355341235,-0.0326676820283638,4.7814882617433
2017,Reflection Lakes,RL5b_16,RL7,195,CAPA,226.341605374187,-0.0194129438669154,4.56887622493853
2017,Reflection Lakes,RL5b_16,RL7,195,ERMO,209.393732437942,-0.0855182905320205,7.147753455371
2017,Reflection Lakes,RL5b_16,RL7,195,LIGR,233.942487895383,-0.0122620012518581,1.73874851958891
2017,Reflection Lakes,RL5b_16,RL7,195,LUAR,221.22300953494,-2.29210270716556,105.271810146638
2017,Reflection Lakes,RL5b_16,RL7,195,PEBR,224.117376580849,-0.0168629730590172,1.65174540498743
2017,Reflection Lakes,RL5b_16,RL7,195,POBI,231.532713903255,-0.0212748944892195,3.66915803420638
2017,Reflection Lakes,RL5b_16,RL7,195,VASI,225.814532244069,-0.0156189376652835,2.40992233694809
2017,Reflection Lakes,RL8_17,RL8,192,ANOC,198.964403421758,-0.00965679754097801,0.774621490494669
2017,Reflection Lakes,RL8_17,RL8,192,CAPA,219.245747443152,-0.0145124979247833,3.71335807868566
2017,Reflection Lakes,RL8_17,RL8,192,LIGR,228.41001265503,-0.0225406080290439,2.30955975361084
2017,Reflection Lakes,RL8_17,RL8,192,LUAR,219.027835499105,-0.128708154512708,4.40467332480309
2017,Reflection Lakes,RL8_17,RL8,192,MIAL,213.834471141091,-0.0321113238651792,-0.218659185615921
2017,Reflection Lakes,RL8_17,RL8,192,PEBR,218.683483766707,-0.0160668181960479,0.407426458363419
2017,Reflection Lakes,RL8_17,RL8,192,POBI,224.829238792214,-0.0133528449740733,2.27805386891772
2017,Reflection Lakes,RL7_13,RL9,194,ANOC,202.235752962659,-0.100740556107727,3.95329340253358
2017,Reflection Lakes,RL7_13,RL9,194,CAPA,225.87900379079,-0.0211223341941831,1.86682493010911
2017,Reflection Lakes,RL7_13,RL9,194,LIGR,227.563159508923,-0.0895043893347154,5.55186527788592
2017,Reflection Lakes,RL7_13,RL9,194,LUAR,215.75484114105,-0.134747373478603,1.92577545446797
2017,Reflection Lakes,RL7_13,RL9,194,POBI,224.274859735513,-0.0164194630277262,3.06735033392142
2018,Glacier Basin,GB1_17,GB1,132,ANAR,220.919395857254,-0.0115466529599945,2.04722156802532
2018,Glacier Basin,GB1_17,GB1,132,MEPA,202.962526702962,-0.00757551889648189,3.67605698336198
2018,Glacier Basin,GB10_15,GB10,158,ARLA,217.762595830809,-0.0107900028714306,3.19668783471867
2018,Glacier Basin,GB10_15,GB10,158,LUAR,219.644257569476,-0.00451469084851377,0.533496084962209
2018,Glacier Basin,GB10_15,GB10,158,PEBR,213.241832591035,-0.00773606747371003,0.0015250079045445
2018,Glacier Basin,GB10_15,GB10,158,VASI,205.555199354438,-0.00759003424112685,-0.696970642865243
2018,Glacier Basin,GB11_15,GB11,161,ARLA,232.562181618212,-0.0177042402683619,2.49897217869048
2018,Glacier Basin,GB11_15,GB11,161,ASLE,221.64966511259,-0.0394319360007788,6.02175853389504
2018,Glacier Basin,GB11_15,GB11,161,MEPA,200.762633448512,-0.0445472453897133,5.04255925434826
2018,Glacier Basin,GB12_15,GB12,170,ASLE,241.514537443921,-0.00572280288174065,5.36950686672949
2018,Glacier Basin,GB12_15,GB12,170,LUAR,206.46268551183,-0.0449680054364582,1.53595087799059
2018,Glacier Basin,GB12_15,GB12,170,POBI,210.927051752533,-0.00897075431903172,1.6252285100141
2018,Glacier Basin,GB12_15,GB12,170,VASI,204.850524920006,-0.00735306294518735,-0.759943838844837
2018,Glacier Basin,GB13_15,GB13,143,ASLE,228.082557834473,-0.00160101891342496,-0.57362418913285
2018,Glacier Basin,GB13_15,GB13,143,VASI,201.120110363468,-0.0129416967795519,-0.97012161032467
2018,Glacier Basin,GB14_15,GB14,156,ASLE,220.155792780097,-0.016982837137683,3.61416720283857
2018,Glacier Basin,GB14_15,GB14,156,CAMI,211.142794287425,-0.00804905472877429,1.1562157616953
2018,Glacier Basin,GB14_15,GB14,156,ERGR,173.007665874508,-0.0149045884631468,3.98476448214325
2018,Glacier Basin,GB14_15,GB14,156,LUAR,207.335913136181,-0.0120636333994733,-1.01581032222391
2018,Glacier Basin,GB14_15,GB14,156,MEPA,203.861928135009,-0.0422281572921847,3.31272395624404
2018,Glacier Basin,GB15_17,GB15,167,LUAR,212.221291954387,-0.0124457150920703,1.62906919834738
2018,Glacier Basin,GB15_17,GB15,167,PEBR,204.860951752605,-0.107386017591342,5.50404996127895
2018,Glacier Basin,GB15_17,GB15,167,POBI,216.240332045369,-0.00842117066088128,0.69701355287929
2018,Glacier Basin,GB15_17,GB15,167,VASI,207.682473524439,-0.00811838298277739,3.03231745858885
2018,Glacier Basin,GB16_17,GB16,145,ASLE,235.182550875784,-0.00324451246409397,1.92260166417923
2018,Glacier Basin,GB16_17,GB16,145,POBI,199.367439490792,-0.0298348515325632,3.16587252280089
2018,Glacier Basin,GB16_17,GB16,145,VASI,196.104722988478,-0.0344610102447568,5.28797113414659
2018,Glacier Basin,GB15_15,GB17,168,PEBR,213.531437127455,-0.0294857519361888,0.791546301463134
2018,Glacier Basin,GB15_15,GB17,168,VASI,193.251990228428,-0.0153028184081136,0.710511208559314
2018,Glacier Basin,GB2_15,GB2,132,CAMI,213.946207991721,-0.00517096482717213,3.81659799888817
2018,Glacier Basin,GB2_15,GB2,132,MEPA,171.378024681592,-0.00335539404037295,1.80092087036502
2018,Glacier Basin,GB3_15,GB3,135,ANAR,206.483115452598,-0.062912659294834,5.55923266244678
2018,Glacier Basin,GB3_15,GB3,135,MEPA,213.928910191518,-0.0109195539142454,6.58541869065184
2018,Glacier Basin,GB5_15,GB4,138,ANAR,221.417245480337,-0.00329687672467598,-1.24340046160425
2018,Glacier Basin,GB5_15,GB4,138,ARLA,234.309210980692,-0.000423027549869463,-0.778444534976057
2018,Glacier Basin,GB5_15,GB4,138,LUAR,208.24482678723,-0.00808045950054377,2.83863314934782
2018,Glacier Basin,GB6_15,GB5,126,ARLA,239.51139772532,-0.00819286832060872,1.85270046559019
2018,Glacier Basin,GB6_15,GB5,126,LUAR,196.922041781161,-0.0298098953960543,1.12846067180243
2018,Glacier Basin,GB6_17,GB6,142,ANAR,225.314121860465,-0.00135377838382787,-0.665921396575868
2018,Glacier Basin,GB6_17,GB6,142,LUAR,201.260090894493,-0.0690008885987739,4.61069823847977
2018,Glacier Basin,GB6_17,GB6,142,VASI,196.178968145185,-0.011316931617685,1.82024495524165
2018,Glacier Basin,GB7_15,GB7,161,ANAR,243.108434688117,-0.0233703757624128,0.775917138473531
2018,Glacier Basin,GB7_15,GB7,161,LUAR,207.357102203108,-0.0338003067561607,1.89901527404186
2018,Glacier Basin,GB7_15,GB7,161,MEPA,186.898062949721,-0.00242063866757465,-0.938953482924659
2018,Glacier Basin,GB8_15,GB8,168,LUAR,216.950520294135,-0.00639837111625681,1.02403735038916
2018,Glacier Basin,GB8_15,GB8,168,VASI,198.87329578431,-0.0385690263568067,1.99232057569839
2018,Glacier Basin,GB9_15,GB9,170,ARLA,218.997989629973,-0.00685567977362486,1.71507094643113
2018,Glacier Basin,GB9_15,GB9,170,LUAR,253.841699005835,-0.000533633638600666,0.0810276345379652
2018,Glacier Basin,GB9_15,GB9,170,VASI,206.364266911114,-0.0100907737616193,0.780471190223748
2018,Reflection Lakes,RL1_17,RL1,186,ERPE,219.940776345432,-0.0371547415878755,3.40487487941679
2018,Reflection Lakes,RL1_17,RL1,186,LIGR,233.912047829621,-0.0146507887504076,3.73273798060786
2018,Reflection Lakes,RL8_13,RL10,188,ANOC,199.757459555248,-0.00913180337430994,0.441612269517308
2018,Reflection Lakes,RL8_13,RL10,188,CAPA,222.560360098395,-0.0268461252216791,-1.13833249630615
2018,Reflection Lakes,RL8_13,RL10,188,POBI,226.816759294798,-0.00709479135998677,1.47934485298276
2018,Reflection Lakes,RL9_13,RL11,194,ANOC,200.207196419847,-0.0305475843883231,1.49141873812853
2018,Reflection Lakes,RL9_13,RL11,194,CAPA,228.764938630475,-0.00462502677914148,2.43773378554423
2018,Reflection Lakes,RL9_13,RL11,194,ERPE,231.007419920812,-0.00625069032973256,3.05016692893597
2018,Reflection Lakes,RL9_13,RL11,194,LUAR,214.8410650573,-0.0241452495544925,-0.50584866273884
2018,Reflection Lakes,RL9_13,RL11,194,MIAL,213.314285217699,-0.0420704751749035,0.173118372937327
2018,Reflection Lakes,RL2_13,RL2,172,CAPA,203.752159738064,-3.63974629587141,91.6727611101321
2018,Reflection Lakes,RL2_13,RL2,172,LUAR,211.46250062586,-0.0192832290992592,2.2181340670213
2018,Reflection Lakes,RL2_13,RL2,172,PEBR,203.978796080053,-0.00476247743191498,-0.92305803474612
2018,Reflection Lakes,RL3_17,RL3,185,LIGR,226.274270605407,-0.00697036881834908,1.05987796644314
2018,Reflection Lakes,RL3_17,RL3,185,LUAR,214.668130008014,-0.161144010099177,5.19707576669147
2018,Reflection Lakes,RL3_17,RL3,185,PEBR,212.864997686919,-0.121622015449278,2.80559966170842
2018,Reflection Lakes,RL3_17,RL3,185,POBI,218.831128083888,-0.0514365171568293,1.01955496445648
2018,Reflection Lakes,RL3_17,RL3,185,VASI,217.20885904854,-0.0121616909362529,2.30305262121299
2018,Reflection Lakes,RL4_13,RL4,183,CAPA,213.201118623592,-0.021151294125699,3.46642422316884
2018,Reflection Lakes,RL4_13,RL4,183,ERMO,196.96528105592,-0.0206524693639779,2.11847604861306
2018,Reflection Lakes,RL4_13,RL4,183,LIGR,218.806997399587,-0.0643599146164278,1.81460699957123
2018,Reflection Lakes,RL4_13,RL4,183,PEBR,211.49373537676,-0.156536785967444,6.46061228069651
2018,Reflection Lakes,RL4_13,RL4,183,VASI,211.116461588787,-0.0354998615433858,2.69155717609723
2018,Reflection Lakes,RL4_14,RL5,192,CAPA,225.927663849864,-0.00438989901625505,1.00956932151504
2018,Reflection Lakes,RL4_14,RL5,192,ERMO,197.509924951192,-0.0118712073898128,-0.261990088190657
2018,Reflection Lakes,RL4_14,RL5,192,LUAR,216.279266929461,-0.0614713358755323,1.85073480635985
2018,Reflection Lakes,RL4_14,RL5,192,PEBR,216.4420485201,-0.0344057495416859,1.3187007567294
2018,Reflection Lakes,RL4_14,RL5,192,POBI,230.841100428684,-0.0071904314203371,1.5807305954287
2018,Reflection Lakes,RL5_13,RL6,187,CAPA,216.296986722575,-0.00903930769231283,0.0377689643305437
2018,Reflection Lakes,RL5_13,RL6,187,ERMO,196.657651823358,-0.0323454818176249,1.89137393157805
2018,Reflection Lakes,RL5_13,RL6,187,LIGR,220.536305489573,-0.0239771866645091,0.801834727638391
2018,Reflection Lakes,RL5_13,RL6,187,LUAR,212.018140190588,-0.0539441292624983,0.295019583603895
2018,Reflection Lakes,RL5_13,RL6,187,MIAL,209.621833657353,-0.124961811939286,1.08091604415755
2018,Reflection Lakes,RL5_13,RL6,187,POBI,222.090286214427,-0.0169341281678658,1.77676938913618
2018,Reflection Lakes,RL5_13,RL6,187,VASI,214.145333037839,-0.017855167952046,2.4512864493972
2018,Reflection Lakes,RL5b_16,RL7,189,CAPA,221.575080722872,-0.00563559017498288,1.35250735925066
2018,Reflection Lakes,RL5b_16,RL7,189,ERMO,203.543149180762,-0.01742660553463,2.00774974912295
2018,Reflection Lakes,RL5b_16,RL7,189,ERPE,229.672191135753,-0.00715290240047046,0.481438078115136
2018,Reflection Lakes,RL5b_16,RL7,189,LIGR,239.456589986514,-0.0479155865225526,16.2382275035813
2018,Reflection Lakes,RL5b_16,RL7,189,LUAR,216.520451453725,-1.88409769590155,37.8067967818512
2018,Reflection Lakes,RL5b_16,RL7,189,PEBR,218.02566398487,-0.0529465339503745,1.78254106266298
2018,Reflection Lakes,RL5b_16,RL7,189,POBI,232.02731575071,-0.0131285623578947,2.92807028024972
2018,Reflection Lakes,RL5b_16,RL7,189,VASI,219.184109321395,-0.0297924073631062,2.84267468973912
2018,Reflection Lakes,RL8_17,RL8,183,ANOC,198.034608359744,-0.0978623587208248,2.54013654937819
2018,Reflection Lakes,RL8_17,RL8,183,CAPA,211.619035981032,-0.0187895564176407,2.91010332418111
2018,Reflection Lakes,RL8_17,RL8,183,ERPE,217.398054471735,-0.00336629136216077,-0.562724306031637
2018,Reflection Lakes,RL8_17,RL8,183,LIGR,219.293219469746,-0.0576491232761562,1.11917067174131
2018,Reflection Lakes,RL8_17,RL8,183,LUAR,213.019800292331,-0.0778831235050361,0.577516802723273
2018,Reflection Lakes,RL8_17,RL8,183,PEBR,210.795380917441,-0.0502870581082472,2.11749423993569
2018,Reflection Lakes,RL8_17,RL8,183,POBI,221.670566232914,-0.00842121017493389,2.45746541403932
2018,Reflection Lakes,RL7_13,RL9,186,ANOC,197.289534925315,-0.115040627979782,3.92813356762526
2018,Reflection Lakes,RL7_13,RL9,186,ERPE,216.428031956754,-0.0259972017646925,1.05825179458906
2018,Reflection Lakes,RL7_13,RL9,186,POBI,226.993448692111,-0.00591402955094828,2.53154018226301
2018,Reflection Lakes,RL7_13,RL9,186,VASI,209.53735069861,-0.113097234174102,9.17260877044814
2019,Glacier Basin,GB1_17,GB1,142,MEPA,204.55688469579,-0.00631502579633468,3.48913984299922
2019,Glacier Basin,GB10_15,GB10,160,ARLA,229.101375827355,-0.00504486922148044,3.16385737504307
2019,Glacier Basin,GB10_15,GB10,160,ERGR,179.137942333811,-0.0388944216961915,4.14391902029372
2019,Glacier Basin,GB10_15,GB10,160,LUAR,221.383503572636,-0.021116498417711,4.98082996685004
2019,Glacier Basin,GB11_15,GB11,153,ARLA,216.446483816486,-0.0029984479897713,1.05366896768215
2019,Glacier Basin,GB11_15,GB11,153,ASLE,229.438349480465,-0.00690602736606266,1.93293848472663
2019,Glacier Basin,GB11_15,GB11,153,CAMI,216.050129922298,-0.0157540641081166,4.9520838586633
2019,Glacier Basin,GB11_15,GB11,153,LUAR,220.103954768835,-0.0134493658279389,2.63687274680871
2019,Glacier Basin,GB11_15,GB11,153,MEPA,206.289594769028,-0.011475712897214,2.28526746713307
2019,Glacier Basin,GB12_15,GB12,167,ASLE,239.593027907765,-0.00421121620278343,2.20363078285627
2019,Glacier Basin,GB12_15,GB12,167,CAMI,240.685002530467,-0.00458023671689587,0.0639234826472187
2019,Glacier Basin,GB12_15,GB12,167,LUAR,223.08190061048,-0.0119693131526056,2.63348582948644
2019,Glacier Basin,GB12_15,GB12,167,POBI,214.910268879133,-0.02361264057095,3.43560314615689
2019,Glacier Basin,GB12_15,GB12,167,VASI,209.153090727282,-0.00622402557775363,0.730038563476923
2019,Glacier Basin,GB13_15,GB13,152,ASLE,228.508594262253,-0.00730580493423613,1.13206054175388
2019,Glacier Basin,GB14_15,GB14,161,ASLE,229.901930745914,-0.0072689022573102,2.11893277988264
2019,Glacier Basin,GB14_15,GB14,161,CAMI,230.389287648743,-0.00808562273327673,6.26164362083358
2019,Glacier Basin,GB14_15,GB14,161,LUAR,219.623827933508,-0.0122450402497001,4.56227286989561
2019,Glacier Basin,GB14_15,GB14,161,MEPA,208.071185341907,-0.00932711263745867,3.6608203450144
2019,Glacier Basin,GB15_17,GB15,166,ERGR,182.887367180872,-0.0642748280095566,5.53669926545585
2019,Glacier Basin,GB15_17,GB15,166,LUAR,226.398565783773,-0.0115350615087664,4.41735406472657
2019,Glacier Basin,GB15_17,GB15,166,PEBR,216.432825532881,-0.0586804453837461,2.809074687356
2019,Glacier Basin,GB15_17,GB15,166,VASI,222.628413888488,-0.0228117876010441,2.01308756439145
2019,Glacier Basin,GB16_17,GB16,162,ASLE,235.62033740519,-0.00564649601909382,2.13974302147007
2019,Glacier Basin,GB16_17,GB16,162,POBI,214.441110338421,-0.0189397336420204,4.75497739220115
2019,Glacier Basin,GB16_17,GB16,162,VASI,210.528494242782,-0.00396612675341287,0.990244586003432
2019,Glacier Basin,GB15_15,GB17,164,ERGR,176.840383688894,-0.0418930143744693,5.81057584502053
2019,Glacier Basin,GB15_15,GB17,164,PEBR,221.059840543674,-0.010314164119907,0.281984263688895
2019,Glacier Basin,GB2_15,GB2,140,CAMI,201.083911514162,-0.00601196277655483,4.6120732106523
2019,Glacier Basin,GB2_15,GB2,140,MEPA,178.468593906776,-0.00222731860950552,2.5614837535644
2019,Glacier Basin,GB3_15,GB3,129,ANAR,212.584877974267,-0.00514050554355068,1.00821565059863
2019,Glacier Basin,GB3_15,GB3,129,MEPA,224.11634533829,-0.0185975562987701,4.02512959025127
2019,Glacier Basin,GB5_15,GB4,142,ANAR,248.335937347993,-0.0224270887154671,1.55873030299043
2019,Glacier Basin,GB5_15,GB4,142,ARLA,217.137859827869,-0.00388313174217942,2.69839107228994
2019,Glacier Basin,GB5_15,GB4,142,LUAR,211.098717315694,-0.00664550644128717,2.0372164927649
2019,Glacier Basin,GB6_15,GB5,125,ARLA,235.180919950371,-0.017439336931841,0.384578355637466
2019,Glacier Basin,GB6_15,GB5,125,ASLE,234.036685483382,-1.77093632742418,89.8167727470643
2019,Glacier Basin,GB6_15,GB5,125,LUAR,206.875848377262,-0.0070407875519023,2.34424952443326
2019,Glacier Basin,GB6_17,GB6,130,ARLA,227.857304064886,-0.00411291484500211,-1.27076117066942
2019,Glacier Basin,GB6_17,GB6,130,LUAR,210.448855691747,-0.0137902051833827,3.38180819855779
2019,Glacier Basin,GB6_17,GB6,130,VASI,201.118192216694,-0.0060276686300498,2.6984685967917
2019,Glacier Basin,GB7_15,GB7,154,LUAR,216.325994215726,-0.009610038280848,4.13846043775093
2019,Glacier Basin,GB7_15,GB7,154,MEPA,201.699457768532,-0.0036251576848095,0.806182093411243
2019,Glacier Basin,GB8_15,GB8,164,LUAR,221.619245589304,-0.0267078643242469,2.37939232148518
2019,Glacier Basin,GB8_15,GB8,164,VASI,209.540508581564,-0.0122870171252322,3.11215317487107
2019,Glacier Basin,GB9_15,GB9,171,ARLA,219.067755175989,-0.0253459966760049,5.29109274734752
2019,Glacier Basin,GB9_15,GB9,171,LUAR,227.363804288836,-0.0150989492582045,4.57048221526952
2019,Reflection Lakes,RL1_17,RL1,171,ERMO,187.856892067329,-0.968827472549189,64.9366034471299
2019,Reflection Lakes,RL1_17,RL1,171,ERPE,214.795634791637,-0.0141922325685271,1.31566498639191
2019,Reflection Lakes,RL1_17,RL1,171,LIGR,224.893735400262,-0.00891560253497696,2.74317459586822
2019,Reflection Lakes,RL8_13,RL10,176,ANOC,191.639750237304,-0.023749156251434,1.61243621759013
2019,Reflection Lakes,RL8_13,RL10,176,CAPA,220.115661622766,-0.00404923424818071,-0.710758644474474
2019,Reflection Lakes,RL8_13,RL10,176,POBI,225.210637337509,-0.0116890867428969,3.69880840300396
2019,Reflection Lakes,RL9_13,RL11,187,ANOC,196.149068763137,-0.00814760308093121,-0.111351920566649
2019,Reflection Lakes,RL9_13,RL11,187,CAPA,235.304742415884,-0.00433912662984325,2.03903245626272
2019,Reflection Lakes,RL9_13,RL11,187,ERPE,233.012712875428,-0.00922319351153105,3.55127173144765
2019,Reflection Lakes,RL9_13,RL11,187,LUAR,222.188561843973,-0.0228052573467233,3.22741387281627
2019,Reflection Lakes,RL9_13,RL11,187,MIAL,212.968634019371,-0.19294415878988,2.60322832459064
2019,Reflection Lakes,RL2_13,RL2,161,CAPA,209.236270170068,-0.0720122293402723,0.054612606395061
2019,Reflection Lakes,RL2_13,RL2,161,LUAR,216.293762615942,-0.0125230650896636,2.99828503817372
2019,Reflection Lakes,RL2_13,RL2,161,PEBR,208.210153801017,-0.0596301127251257,1.88388560516429
2019,Reflection Lakes,RL3_17,RL3,166,LUAR,218.015058756603,-0.0154782426855752,0.858191892229439
2019,Reflection Lakes,RL3_17,RL3,166,PEBR,207.731421446534,-0.0653999489499183,2.48229290193401
2019,Reflection Lakes,RL3_17,RL3,166,POBI,222.535856404407,-0.0223434651197988,2.22353301853504
2019,Reflection Lakes,RL3_17,RL3,166,VASI,222.136772858749,-0.0103183109179741,0.530131397026187
2019,Reflection Lakes,RL4_13,RL4,164,CAPA,206.492018406529,-0.00459074497067192,1.29241777841364
2019,Reflection Lakes,RL4_13,RL4,164,ERMO,185.356119149272,-0.0508389864660062,3.35067024335198
2019,Reflection Lakes,RL4_13,RL4,164,PEBR,206.30152337045,-0.0389109369159945,2.46261361422228
2019,Reflection Lakes,RL4_13,RL4,164,VASI,208.132304473139,-0.0347556060358365,3.28965402787016
2019,Reflection Lakes,RL4_14,RL5,167,CAPA,215.47407228886,-0.00323549755630389,0.395657371883482
2019,Reflection Lakes,RL4_14,RL5,167,LUAR,215.434563626938,-0.0123521250248725,1.35057321011063
2019,Reflection Lakes,RL4_14,RL5,167,PEBR,212.61102457008,-0.0334970093756809,-0.3900908436413
2019,Reflection Lakes,RL4_14,RL5,167,POBI,223.115216762974,-0.019103426090621,5.03658875419618
2019,Reflection Lakes,RL5_13,RL6,167,CAPA,205.863113975493,-0.0239789228265051,2.29930467208617
2019,Reflection Lakes,RL5_13,RL6,167,ERMO,188.112266941571,-0.0340347651339296,2.79253574891603
2019,Reflection Lakes,RL5_13,RL6,167,LIGR,222.086571986276,-0.00406204405352864,-1.83343508667448
2019,Reflection Lakes,RL5_13,RL6,167,LUAR,216.250667745508,-0.016200100972997,4.73741610801799
2019,Reflection Lakes,RL5_13,RL6,167,MIAL,206.586905597981,-0.0160500480614931,0.438036563409167
2019,Reflection Lakes,RL5_13,RL6,167,POBI,219.23116951043,-0.00963709340638694,2.9452580550244
2019,Reflection Lakes,RL5_13,RL6,167,VASI,213.661203720069,-0.00826591216883607,2.98394246702145
2019,Reflection Lakes,RL5b_16,RL7,182,CAPA,217.174293949253,-0.0143692442581665,4.13359233443089
2019,Reflection Lakes,RL5b_16,RL7,182,ERMO,198.301193550531,-0.0365796882949081,4.38900264161007
2019,Reflection Lakes,RL5b_16,RL7,182,ERPE,229.944689291085,-0.01810867554133,4.04099668244812
2019,Reflection Lakes,RL5b_16,RL7,182,LIGR,227.468668799718,-0.0270622699506908,2.2343447409217
2019,Reflection Lakes,RL5b_16,RL7,182,LUAR,223.841796772666,-0.0176230669097263,3.97310013386492
2019,Reflection Lakes,RL5b_16,RL7,182,PEBR,218.171368285591,-0.0516078160600122,3.34217535378807
2019,Reflection Lakes,RL5b_16,RL7,182,POBI,225.364400046862,-0.0150297154245865,2.8340605373826
2019,Reflection Lakes,RL5b_16,RL7,182,VASI,222.402278444912,-0.00621940349062971,-0.0942001601249527
2019,Reflection Lakes,RL8_17,RL8,178,ANOC,191.055449050371,-0.0262828858918629,-0.7414421008784
2019,Reflection Lakes,RL8_17,RL8,178,CAPA,220.136327305553,-0.00364293372559579,0.215026328386842
2019,Reflection Lakes,RL8_17,RL8,178,ERPE,219.430231209125,-0.020982322430108,2.56123608992139
2019,Reflection Lakes,RL8_17,RL8,178,LIGR,223.515709333103,-0.0113222865670338,-0.538329507047086
2019,Reflection Lakes,RL8_17,RL8,178,LUAR,222.7681256831,-0.0228081151902091,3.85417139434706
2019,Reflection Lakes,RL8_17,RL8,178,PEBR,214.170802686967,-0.0580445882182049,1.85779239705241
2019,Reflection Lakes,RL8_17,RL8,178,POBI,224.964059539998,-0.0205246088110467,5.40786300883769
2019,Reflection Lakes,RL7_13,RL9,177,ANOC,194.029535474272,-0.0118991827053793,1.01116892172674
2019,Reflection Lakes,RL7_13,RL9,177,ERPE,224.882346788948,-0.0152970134328362,3.66791291983794
2019,Reflection Lakes,RL7_13,RL9,177,POBI,222.691447786531,-0.0135817195290672,3.5588217890928
2019,Reflection Lakes,RL7_13,RL9,177,VASI,219.046574306232,-0.00655486246718479,0.09239899132427
